Date,Open,High,Low,Close,Volume,SMA_50,SMA_200,EMA_20,RSI_14,MACD_12_26_9,MACDh_12_26_9,MACDs_12_26_9,Volume_SMA_20
2025-06-16,2277.94931097458,2294.248526930686,2271.1744714100378,2285.215087890625,1105297,,,,,,,,
2025-06-17,2277.949336261707,2290.8119909000766,2271.1744966219585,2286.3935546875,1119284,,,,,,,,
2025-06-18,2285.5097848886408,2289.1426734843863,2244.0747187940665,2255.660888671875,2056563,,,,,,,,
2025-06-19,2258.410148058999,2265.9705354890243,2248.7877278228257,2252.616943359375,1214549,,,,,,,,
2025-06-20,2253.402465225416,2271.0762100507136,2250.849495086671,2264.3994140625,2685864,,,,,,,,
2025-06-23,2265.590049100476,2268.169866753373,2241.082750343553,2257.35498046875,842856,,,,,,,,
2025-06-24,2277.099825042089,2283.053027199062,2242.67052101488,2245.44873046875,2440747,,,,,,,,
2025-06-25,2261.224466347496,2272.6347697099336,2253.683647230803,2260.9267578125,1047270,,,,,,,,
2025-06-26,2271.047175154068,2273.130892683563,2253.8823037125367,2263.010498046875,1874722,,,,,,,,
2025-06-27,2263.0104562105053,2292.4787561982344,2261.5221557844948,2288.90673828125,1050745,,,,,,,,
2025-06-30,2291.8833514974594,2298.928070446473,2270.1542620550413,2276.702880859375,1403754,,,,,,,,
2025-07-01,2282.060604307341,2284.6404218850275,2268.7652176811503,2277.595703125,759914,,,,,,,,
2025-07-02,2277.099747912196,2290.990552474624,2269.7575623951902,2289.10546875,1128034,,,,,,,,
2025-07-03,2291.9828168641297,2308.750905945756,2286.029614742405,2295.356201171875,1060039,,,,53.6217377505432,,,,
2025-07-04,2299.920284481797,2323.1376744970185,2292.2803906553454,2321.05419921875,1242346,,,,60.81436483462082,,,,
2025-07-07,2322.7410024796927,2396.858319639088,2322.7410024796927,2391.599609375,2701583,,,,73.1326851159312,,,,
2025-07-08,2386.6384929568344,2399.6364137173014,2367.3899041263103,2374.03759765625,1471046,,,,67.44827225317985,,,,
2025-07-09,2380.2884570863957,2420.670959786851,2378.4033734605428,2404.498046875,1741690,,,,71.57512839981389,,,,
2025-07-10,2404.4982396768783,2415.0156603181044,2378.8996643467794,2389.615234375,1053695,,,,67.09907548271512,,,,
2025-07-11,2480.50077507572,2510.2667843766285,2441.804962984538,2499.947998046875,7242235,,,2308.9723266601563,78.05540047188104,,,,1762111.65
2025-07-14,2480.5008132523167,2512.7473238245966,2470.5788099993074,2496.971435546875,2427712,,,2326.877003696987,77.30744913950687,,,,1828232.4
2025-07-15,2501.039324367612,2510.167518959921,2490.422829279717,2507.19091796875,1700294,,,2344.0497574371548,78.08393152965085,,,,1857282.9
2025-07-16,2506.595717385392,2513.144094156912,2487.9423029182253,2497.963623046875,1284379,,,2358.708220828557,75.56958285799925,,,,1818673.7
2025-07-17,2493.399357752,2505.702544596446,2486.652347254296,2490.224365234375,807474,,,2371.233567914825,73.43374106596843,,,,1798319.95
2025-07-18,2495.2843577635995,2495.2843577635995,2462.144965698126,2470.181884765625,771112,,,2380.6572171387106,68.0683186813848,,,,1702582.35
2025-07-21,2471.471769802211,2474.150904552474,2436.248657165117,2445.674560546875,1169960,,,2386.8493450823453,62.094017242547984,86.03723150717542,,,1718937.55
2025-07-22,2450.734836023488,2465.617841100553,2433.470647028656,2460.359130859375,861632,,,2393.85027706111,64.12578712839347,81.64219329336902,,,1639981.8
2025-07-23,2461.6490247227266,2467.6022267172198,2422.953211758524,2431.28759765625,1320795,,,2397.415736165409,57.549242836609544,74.94929525445787,,,1653658.05
2025-07-24,2436.744568380519,2446.7658880933027,2402.116875536856,2418.785888671875,693984,,,2399.4509887850722,54.93985472768549,67.8541613704665,,,1594621.15
2025-07-25,2407.1772840475533,2409.657784838074,2386.638543712917,2396.560546875,769388,,,2399.1757086031603,50.55154525545083,59.749067256814214,,,1580553.3
2025-07-28,2396.5605543297306,2429.204090176368,2393.4848786817606,2422.556396484375,987995,,,2401.4024407823235,55.07185768581086,54.79176423339777,,,1559765.35
2025-07-29,2425.7314790440246,2438.3323751192297,2410.7491567723278,2434.462890625,732282,,,2404.5510550530544,57.01026511420008,51.23323559397977,,,1558383.75
2025-07-30,2422.953134293376,2433.768020676373,2379.7924212132107,2418.388916015625,1224146,,,2405.868946573299,53.64528706129493,46.57910565871407,,,1563189.35
2025-07-31,2401.224093298107,2529.1186177565537,2401.224093298107,2501.535400390625,5505507,,,2414.9800374130446,65.11541043865871,49.03465952671104,-14.506530883854033,63.54119041056507,1785462.75
2025-08-01,2530.110889578397,2706.22645150003,2517.112968113841,2533.781982421875,4259653,,,2426.2945083662667,68.38294431202127,52.97210389271504,-8.45526921428003,61.42737310699507,1936328.1
2025-08-04,2527.1341727297117,2563.0517752650835,2515.327086013953,2523.85986328125,1293028,,,2435.5864469295984,66.32437690705342,54.661817423036155,-5.412444547167134,60.07426197020329,1865900.35
2025-08-05,2517.7083852053106,2533.0874906124764,2497.665986605836,2514.93017578125,756361,,,2443.1429925345174,64.44412038907515,54.65040061718537,-4.33908908241434,58.98948969959971,1830166.1
2025-08-06,2518.898917854651,2543.1087511382634,2506.893439258159,2515.8232421875,885487,,,2450.0649210728966,64.55235433596233,54.089901002647366,-3.919670957561877,58.00957196020924,1787355.95
2025-08-07,2515.922254843745,2524.1575657894737,2475.539751039598,2497.8642578125,847151,,,2454.6172388576206,60.560072800239375,51.60172846558589,-5.126274795698677,56.72800326128457,1777028.75
2025-08-08,2496.3760050794067,2510.16749263262,2467.205412566444,2479.11181640625,839794,,,2456.950055767014,56.622243595985,47.56833040026049,-7.327738288819262,54.896068689079755,1456906.7
2025-08-11,2470.678006035155,2504.8095986608714,2459.168385930271,2498.757080078125,992436,,,2460.9316771299773,59.58691916733629,45.4333149964059,-7.570202954139091,53.00351795054499,1385142.9
2025-08-12,2498.3604491802103,2516.815472347512,2460.756153293229,2464.42724609375,1406211,,,2461.2645884598605,52.7962622237326,40.504261299516656,-9.999405320822675,50.50366662033933,1370438.75
2025-08-13,2465.6178398482184,2481.989145424676,2454.108219033236,2475.63916015625,969803,,,2462.633595288088,54.61538598259728,37.07527777218729,-10.742711078521637,47.81798885070893,1354709.95
2025-08-14,2479.409269233492,2489.430589305409,2453.909769595819,2461.252197265625,1104362,,,2462.502033571663,51.85390913932629,32.818563977195936,-11.999539898810397,44.81810387600633,1369554.35
2025-08-18,2519.1966970429903,2576.744317534717,2501.634799236764,2548.06982421875,3089136,,,2470.651346966624,63.761421125484155,36.03515373547543,-7.026360112424726,43.06151384790016,1485455.55
2025-08-19,2552.13757165593,2594.603793083701,2538.445159023351,2584.4833984375,1400717,,,2481.4924947257546,67.40290941688805,41.04940344120223,-1.6096883253583414,42.65909176656057,1496993.4
2025-08-20,2578.728728752345,2659.096957697686,2568.3106250001715,2648.9765625,3156954,,,2497.443358323302,72.6457598955442,49.65490101687146,5.596647400248713,44.05825361662275,1611759.5
2025-08-21,2646.297558468229,2646.297558468229,2606.807937462502,2627.346435546875,2235686,,,2509.815079963643,68.65729833790262,54.10575194152716,8.037998659923524,46.067753281603636,1657504.05
2025-08-22,2626.3541730605166,2637.76447641911,2598.5725648830726,2609.387451171875,1223445,,,2519.2981629358555,65.44455489859577,55.54367055695229,7.5807338202789225,47.96293673667337,1683977.1
2025-08-25,2622.385449660888,2622.385449660888,2594.8022322765755,2611.074462890625,667598,2423.3275048828127,,2528.038762931548,65.60736292902227,56.1718451015081,6.567126691867777,49.60471840964032,1678887.6
2025-08-26,2604.1290122069813,2683.901819675416,2604.1290122069813,2671.5986328125,4348648,2431.05517578125,,2541.7111314916388,70.90387442558435,60.85200856919846,8.997832127646504,51.85417644155196,1846920.25
2025-08-28,2726.566583600232,2726.566583600232,2626.1559558246827,2633.696533203125,3198743,2438.0012353515626,,2550.4716459403517,64.23273570081994,60.80180381214859,7.158101896477305,53.643701915671286,1970243.3
2025-08-29,2644.0154449288766,2701.7614547505946,2620.797812241766,2639.054443359375,1972773,2445.6691064453125,,2558.908102837401,64.73781098324241,60.49698318803985,5.482625017894847,55.014358170145,2007674.65
2025-09-01,2639.054428419475,2652.4491325813005,2618.714322099665,2628.834716796875,1096729,2453.1934619140625,,2565.5677803573512,62.912912480851894,58.75349045831899,2.99130583053919,55.7621846277798,1787235.75
2025-09-02,2628.338751273143,2671.400149963799,2624.469266767194,2656.120361328125,1525106,2461.027880859375,,2574.191835687901,65.69350102286008,58.894583291277286,2.505918930797989,56.3886643604793,1650508.4
2025-09-03,2660.0889285014373,2665.942813210072,2637.566030780501,2643.916015625,1010692,2468.7591015625,,2580.8322337771488,63.40372124765967,57.360396727775424,0.7773858938368932,56.58301083393853,1636391.6
2025-09-04,2728.550924824722,2728.550924824722,2634.787993044382,2645.801513671875,2494678,2476.7661572265624,,2587.019784243313,63.614726478102284,55.65512907375387,-0.7423054081477289,56.3974344819016,1723307.45
2025-09-05,2646.793550617698,2652.0520182863465,2603.335130123233,2612.860107421875,944879,2483.80482421875,,2589.4807674031763,57.389056304082054,51.05704219013296,-4.272313833414913,55.329356023547874,1726277.05
2025-09-08,2609.486845026385,2623.9730666119685,2598.3742498750744,2603.434326171875,903410,2490.61330078125,,2590.8096777621004,55.70903801868538,46.12079165806381,-7.366851492387255,53.48764315045106,1729090.0
2025-09-09,2616.43230882366,2625.560503547093,2590.9328084136164,2621.393310546875,1610956,2497.2630322265627,,2593.7224046939837,58.218704043234254,43.16039137187772,-8.261801422858674,51.4221927947364,1767648.1
2025-09-10,2621.393291290843,2632.2081780734443,2598.572683531688,2622.881591796875,1031486,2504.1866064453125,,2596.4994701323544,58.42892691984515,40.467856416924405,-8.763469102249594,49.231325519174,1769600.6
2025-09-11,2623.1793324727764,2636.9708204363524,2593.611713610197,2601.54931640625,1212707,2510.6656787109373,,2596.9804078727257,54.217993599658236,36.195428356475986,-10.428717730158418,46.624146086634404,1759925.4
2025-09-12,2604.5257148528326,2608.395199020342,2548.9624996026387,2560.372802734375,1368380,2516.091025390625,,2593.493969288121,47.15377689625129,29.150864787069168,-13.978625039652194,43.12948982672136,1779854.25
2025-09-15,2560.37279634945,2573.1720829359647,2548.3670761897,2560.868896484375,752745,2521.401279296875,,2590.386819497288,47.24296354166156,23.33899066816548,-15.832399326844708,39.17138999501019,1762273.4
2025-09-16,2568.01288636171,2569.7988954313,2552.534706310226,2560.769775390625,1040928,2526.1955908203126,,2587.566148629987,47.22581400697935,18.51164953997204,-16.527792364030518,35.03944190400256,1659863.0
2025-09-17,2566.8220955202946,2570.8902135171456,2546.481990008828,2549.656982421875,970247,2529.35673828125,,2583.9557518482616,45.24288432614341,13.632095091144947,-17.12587745028609,30.757972541431037,1638339.5
2025-09-18,2550.847649216938,2589.5434608386845,2550.847649216938,2566.623779296875,1550153,2533.2084619140624,,2582.3050877957485,48.77908203877572,11.007207509116597,-15.800612025851553,26.80781953496815,1557999.45
2025-09-19,2579.7207815780857,2584.384074543658,2534.8733764379317,2539.635986328125,2214708,2535.911220703125,,2578.241363846451,43.920440536584515,6.672361018463107,-16.108366813204036,22.780727831667143,1556950.55
2025-09-22,2548.962702635441,2567.0207005828506,2540.231291096219,2552.1376953125,1174161,2539.161669921875,,2575.7553001765505,46.57511648405404,4.197362792135664,-14.866692031625185,19.06405482376085,1554486.35
2025-09-23,2548.8632941880032,2555.213521550528,2498.558786627699,2502.527587890625,1430474,2539.21326171875,,2568.7812323397957,38.73840103138482,-1.74707302330944,-16.648902277656234,14.901829254346792,1592630.15
2025-09-24,2502.527628586512,2555.908054888213,2490.4228329850216,2529.61474609375,1882881,2539.8661279296875,,2565.051090792553,44.25375866904995,-4.22368592207431,-15.300412141136881,11.076726219062571,1469341.8
2025-09-25,2526.142091514596,2547.474399043097,2512.0528949895665,2518.502197265625,1624258,2540.092353515625,,2560.617862837608,42.56086111050912,-7.0023901119880065,-14.463293064840462,7.4609029528524555,1390617.55
2025-09-26,2515.2277385461766,2525.54652468155,2479.905311279923,2492.208740234375,885612,2539.977255859375,,2554.1027083039667,38.780663984696886,-11.197121988493109,-14.926419953076453,3.7292979645833433,1336259.5
2025-09-29,2475.5397082588324,2497.7648977229896,2423.945293497526,2478.4169921875,2403556,2539.7411083984375,,2546.894544864303,36.92792087979592,-15.456186727516979,-15.348387753680257,-0.10779897383672132,1401600.85
2025-09-30,2478.4170251763394,2506.5956589551924,2472.166357093869,2494.788330078125,1678088,2540.2332373046875,,2541.932048218,40.55821134564908,-17.310946258525746,-13.76251782775122,-3.5484284307745266,1409249.95
2025-10-01,2495.780641485965,2530.110870187784,2478.4171355140884,2516.41845703125,1483899,2541.648115234375,,2539.5021823906905,45.057771652740485,-16.841349481618636,-10.634336840675287,-6.207012640943349,1432910.3
2025-10-03,2516.4184426371576,2528.721872140129,2488.7361501691885,2525.050537109375,1242611,2542.941943359375,,2538.125835221041,46.78887008982489,-15.592908587706006,-7.5087167574101255,-8.08419183029588,1370306.95
2025-10-06,2515.426234426769,2529.714064556161,2500.5432294397424,2521.974853515625,818923,2544.7556884765627,,2536.5876464871917,46.22994990193263,-14.682442093257123,-5.278600210368992,-9.40384188288813,1364009.15
2025-10-07,2520.188866616989,2539.437456341468,2488.736164248618,2497.566650390625,1291750,2546.3313037109374,,2532.8713611446615,41.94750119273985,-15.748885492554564,-5.076034887733146,-10.672850604821418,1383426.15
2025-10-08,2491.414984165673,2505.305788537764,2466.70929328416,2480.60009765625,1225128,2548.0120947265623,,2527.8931455743364,39.22730806392654,-17.758400789987718,-5.66844014813304,-12.089960641854677,1364134.75
2025-10-09,2481.493000836882,2503.3214078814285,2478.814108419605,2497.963623046875,1259173,2549.5202392578126,,2525.0427148574354,43.28100389397712,-17.74530789168739,-4.524277799866169,-13.22103009182122,1375519.1
2025-10-10,2490.422803810714,2515.12849489021,2486.9501026898624,2509.17529296875,1018875,2551.0144873046875,,2523.531531820418,45.79519093501614,-16.6384459645883,-2.733932698213664,-13.904513266374636,1365827.5
2025-10-13,2499.5509243788547,2511.854353327809,2466.014506099277,2473.35693359375,1114750,2552.11384765625,,2518.7529986559734,39.73529024178863,-18.438939550598207,-3.6275410273788555,-14.811398523219351,1353146.0
2025-10-14,2473.555447376003,2489.6290444351357,2462.9389521863327,2482.782958984375,1461017,2551.738798828125,,2515.327280592012,41.91363894880553,-18.88751865889708,-3.2608961085421804,-15.626622550354899,1388559.6
2025-10-15,2483.080551145378,2512.0527512652384,2483.080551145378,2499.3525390625,881070,2551.0502099609375,,2513.8058766368204,45.633793187098654,-17.701937285561144,-1.6602517881649952,-16.04168549739615,1380566.7
2025-10-16,2498.1618926654496,2548.466397996017,2487.545398204978,2541.52099609375,1446646,2551.4034326171877,,2516.4454118231947,53.75169013168471,-13.207465993012192,2.2673756035071655,-15.474841596519358,1404386.65
2025-10-17,2545.4898430859407,2594.603757423401,2540.0327414928897,2583.391845703125,2050690,2552.772666015625,,2522.8212626689024,60.11942103234145,-6.195519387640161,7.4234577671033595,-13.61897715474352,1429413.5
2025-10-20,2588.650527606881,2604.228023538072,2565.433137975568,2574.164306640625,1011485,2553.9394873046876,,2527.7110763804953,58.21703893436585,-1.3673247999540763,9.801321883831555,-11.168646683785632,1369252.35
2025-10-21,2573.7677049527942,2586.3686009360827,2564.9372187424715,2571.485595703125,82020,2555.4119140625,,2531.880078220746,57.6467662716767,2.2173444438162733,10.708792902081525,-8.491448458265252,1314645.3
2025-10-23,2580.712932545832,2646.396542743126,2575.8512480603545,2581.308349609375,3386744,2557.4558447265626,,2536.5875326387104,59.224115743470605,5.784158613721047,11.420485657589039,-5.6363270438679915,1412458.8
2025-10-24,2563.845541367595,2563.845541367595,2455.1996099512826,2496.772705078125,3110800,2557.4161572265625,,2532.7956442996074,44.02724555844574,1.7691706233908917,5.924398133807107,-4.155227510416215,1473854.75
2025-10-27,2496.7727162326983,2505.3057356327795,2486.453930097325,2492.208740234375,2127832,2557.971787109375,,2528.9302248648232,43.38005411987677,-1.7607136941574026,1.91561105300705,-3.6763247471644527,1499033.45
2025-10-28,2499.3526254379835,2506.298027731777,2462.541896386315,2477.62353515625,2294976,2558.011474609375,,2524.043873464007,41.291128698333004,-5.669719605088176,-1.594715886338978,-4.075003718749198,1569501.65
2025-10-29,2493.002510276694,2493.994710552656,2464.6254854896224,2468.693603515625,1870143,2558.160302734375,,2518.772419183209,40.02045186720052,-9.38007810372892,-4.244059507983778,-5.136018595745142,1542831.0
2025-10-30,2471.5708795685664,2477.5240812054235,2435.752352825584,2450.337890625,1195631,2556.2056640625,,2512.254845034808,37.468059907749996,-13.644432051446984,-6.806730764561474,-6.83770128688551,1518708.15
2025-10-31,2449.742476349403,2460.160579225737,2433.7679550444664,2446.269775390625,1401937,2553.4413916015624,,2505.970552687743,36.90627219777805,-17.15448001150071,-8.253422979692159,-8.90105703180855,1514610.05
2025-11-03,2436.943259855451,2455.596431753257,2421.2664466287306,2440.812744140625,1049185,2549.278115234375,,2499.765047111827,36.12382923915186,-20.144343669531736,-8.99462931017855,-11.149714359353187,1504938.75
2025-11-04,2440.812780562824,2444.0870900572017,2422.2586830765586,2426.624267578125,1251588,2545.263671875,,2492.7992585848074,34.09957313209337,-23.389108555658368,-9.791515357044144,-13.597593198614224,1526572.0
2025-11-06,2444.682292267998,2444.682292267998,2413.6266157779787,2417.0,1329256,2541.4159228515623,,2485.5802815767306,32.75861916363405,-26.4325085603582,-10.267932289395183,-16.164576270963018,1528447.3
2025-11-07,2417.0,2425.0,2400.60009765625,2414.0,817896,2537.47443359375,,2478.7631119027565,32.33181052436387,-28.755029834007928,-10.07236285043593,-18.682666983572,1508085.7
2025-11-10,2405.0,2429.300048828125,2404.0,2408.800048828125,780558,2532.2184619140626,,2472.099963038506,31.564158284792484,-30.661787280532735,-9.58329623756859,-21.078491042964146,1484154.95
2025-11-11,2422.199951171875,2433.699951171875,2403.10009765625,2427.5,1422399,2528.09453125,,2467.852347511029,37.32705078556577,-30.314529490959103,-7.388830758395965,-22.925698732563138,1504331.15
2025-11-12,2430.60009765625,2434.800048828125,2416.199951171875,2424.5,1680827,2523.8034423828126,,2463.7235525099786,36.79178044977186,-29.936312937977164,-5.608491364331222,-24.32782157364594,1532635.0
2025-11-13,2429.0,2431.0,2405.0,2407.60009765625,1256059,2519.37875,,2458.3784615715285,33.84722217289811,-30.64697522231654,-5.055322918936479,-25.591652303380062,1522387.1
2025-11-14,2405.10009765625,2430.199951171875,2392.0,2427.699951171875,975973,2514.810341796875,,2455.4566986763234,39.99797965549156,-29.251101515383652,-2.927559369602868,-26.323542145780785,1527132.25
2025-11-17,2431.39990234375,2438.39990234375,2416.0,2425.0,920038,2510.432021484375,,2452.5560607071498,39.46713937657431,-28.03950310325945,-1.3727687659829293,-26.66673433727652,1500801.85
2025-11-18,2415.800048828125,2422.89990234375,2401.89990234375,2404.0,1229034,2505.5959912109374,,2447.9316739731353,35.51865525024481,-28.445920266372923,-1.4233487432771206,-27.022571523095802,1459719.05
2025-11-19,2412.0,2450.699951171875,2411.0,2441.60009765625,1465143,2502.170791015625,,2447.3286667048606,45.94606467694922,-25.44073025046373,1.2654730181056593,-26.70620326856939,1482401.95
2025-11-20,2445.10009765625,2459.0,2425.0,2428.39990234375,1396929,2498.6701025390626,,2445.525927241898,43.298817788340386,-23.849320829873704,2.2855059509565514,-26.134826780830256,1548147.4
2025-11-21,2436.199951171875,2443.199951171875,2413.0,2433.699951171875,1840712,2494.9162353515626,,2444.3996438066574,44.677091052073806,-21.90790703736957,3.381535794768549,-25.289442832138118,1470845.8
2025-11-24,2441.89990234375,2444.89990234375,2413.0,2424.199951171875,4092327,2490.9426025390626,,2442.4758635557255,42.67472987461687,-20.89502834481027,3.515531589862281,-24.410559934672552,1519922.15
2025-11-25,2422.0,2424.199951171875,2406.0,2414.10009765625,1240672,2487.1936181640626,,2439.7734096605373,40.591812124039734,-20.669028756788975,2.9932249423068633,-23.66225369909584,1475564.15
2025-11-26,2412.0,2427.699951171875,2409.0,2425.199951171875,1242683,2484.4901611328123,,2438.3854612330456,43.836284118640584,-19.37096066513459,3.433034427168998,-22.803995092303587,1422949.5
2025-11-27,2426.10009765625,2459.699951171875,2425.0,2451.699951171875,1872248,2482.3067822265625,,2439.6535078938864,50.75147625176361,-16.019243947569066,5.427800915787618,-21.447044863356684,1423054.75
2025-11-28,2450.0,2470.0,2447.199951171875,2466.60009765625,973225,2480.423388671875,,2442.219849776016,54.16845488945215,-12.022083905736963,7.539968766095779,-19.562052671832742,1411934.45
2025-12-01,2466.60009765625,2488.0,2458.800048828125,2464.5,1924828,2478.7202490234376,,2444.3417688449667,53.603934862933656,-8.920931162854231,8.51289720718281,-17.43382837003704,1438079.0
2025-12-02,2471.0,2484.39990234375,2460.0,2477.800048828125,2179406,2476.9437744140623,,2447.5282717005057,56.68280691143949,-5.32861749866106,9.684168697100784,-15.012786195761844,1494590.05
2025-12-03,2478.199951171875,2484.89990234375,2403.10009765625,2448.0,3535932,2475.1110546875,,2447.57319820522,48.85922724936557,-4.830613622706096,8.145738058444598,-12.976351681150694,1608807.25
2025-12-04,2440.0,2483.0,2423.199951171875,2462.199951171875,2587753,2473.3122998046874,,2448.966222297282,52.241869269976426,-3.2526302802812097,7.778977120695588,-11.031607400976798,1671732.1
2025-12-05,2422.0,2422.0,2286.699951171875,2338.60009765625,4008271,2470.03375,,2438.4551628076597,32.24770220718071,-11.839068907488581,-0.6459692052094272,-11.193099702279154,1831250.85
2025-12-08,2350.10009765625,2355.10009765625,2302.0,2314.0,1898154,2465.721455078125,,2426.602290159311,29.802884581732748,-20.393818426653525,-7.360574979499496,-13.033243447154028,1887130.65
2025-12-09,2318.0,2330.39990234375,2298.10009765625,2306.5,1471488,2461.4814111328124,,2415.1639768108053,29.079053748356017,-27.462139919712627,-11.543117178046877,-15.91902274166575,1889585.1
2025-12-10,2306.5,2316.89990234375,2295.0,2301.699951171875,2857290,2457.6712353515627,,2404.357879130907,28.60029321845611,-33.06994965788954,-13.72074153297903,-19.349208124910508,1948408.25
2025-12-11,2296.300048828125,2313.0,2292.0,2305.60009765625,1108032,2454.2148974609377,,2394.9523761333207,29.61430366063386,-36.77554446644899,-13.941069073230786,-22.834475393218206,1941006.9
2025-12-12,2306.89990234375,2309.0,2244.699951171875,2260.60009765625,3203114,2449.5311328125,,2382.1569210402668,25.172245539003836,-42.849437328238764,-16.011969548016445,-26.83746778022232,2052363.95
2025-12-15,2260.60009765625,2299.0,2252.0,2293.5,1274115,2445.072763671875,,2373.7134047507175,33.075966478045764,-44.495378986512605,-14.12632896503223,-30.369050021480376,2070067.8
2025-12-16,2293.39990234375,2302.699951171875,2276.0,2281.10009765625,1256042,2440.1937548828123,,2364.8930897893397,31.716217886538345,-46.267030569715644,-12.718384438588217,-33.54864613112743,2071418.2
2025-12-17,2281.199951171875,2286.199951171875,2268.300048828125,2275.60009765625,808100,2435.266259765625,,2356.3889953004737,31.105401066169627,-47.56656351302627,-11.21433390551907,-36.3522296075072,2038566.05
2025-12-18,2270.0,2278.300048828125,2255.300048828125,2265.5,1057295,2430.6249267578123,,2347.7329005099523,29.964155244548675,-48.84835280001562,-9.996898554006734,-38.851454246008885,2021584.35
2025-12-19,2263.699951171875,2284.800048828125,2263.699951171875,2280.0,1237214,2426.6129248046873,,2341.282148080433,33.72364678215119,-48.139232124009595,-7.430222302400566,-40.70900982160903,1991409.45
2025-12-22,2280.0,2295.0,2280.0,2289.5,790773,2422.44365234375,,2336.3505149299153,36.142239335966806,-46.27722325108198,-4.454570743578358,-41.82265250750362,1826331.75
2025-12-23,2289.300048828125,2310.0,2280.699951171875,2302.60009765625,1128801,2418.3121484375,,2333.136189475281,39.42495641141022,-43.245986591724886,-1.1386672673770164,-42.10731932434787,1820738.2
2025-12-24,2302.60009765625,2305.0,2278.10009765625,2282.199951171875,519380,2414.4890087890626,,2328.285119160671,36.29585103140135,-42.00561643181709,0.08136231402463068,-42.08697874584172,1784573.05
2025-12-26,2282.300048828125,2290.0,2275.0,2285.39990234375,533626,2410.54134765625,,2324.200812797155,37.13865655779572,-40.299853205280215,1.4297004324492093,-41.729553637729424,1717641.95
2025-12-29,2288.89990234375,2298.699951171875,2280.0,2293.300048828125,1086695,2406.4202978515623,,2321.257882895343,39.274679666276874,-37.873960322996936,3.084474651785989,-40.958434974782925,1723315.45
2025-12-30,2293.300048828125,2298.0,2283.0,2290.199951171875,1556717,2401.393876953125,,2318.299984635965,38.7186885639436,-35.789021150504595,4.135531059422668,-39.92455220992726,1704909.9
2025-12-31,2290.0,2325.5,2286.800048828125,2315.89990234375,1324220,2396.0440380859377,,2318.07140537004,45.594719901937445,-31.69753115093272,6.581616847195633,-38.27914799812835,1662150.6
2026-01-01,2322.0,2326.0,2300.0,2323.0,758866,2391.020751953125,,2318.540795334798,47.3522638956979,-27.564332835088862,8.571852130431594,-36.13618496552046,1523297.3
2026-01-02,2326.0,2357.699951171875,2322.0,2348.0,973413,2386.5510400390626,,2321.346433874341,53.097660697667266,-22.017646600908847,11.294830691689292,-33.31247729259814,1442580.3
2026-01-05,2341.5,2394.0,2336.39990234375,2384.10009765625,1344113,2382.606875,,2327.322973282142,59.902403569656784,-14.541259036298015,15.016974605040101,-29.558233641338116,1309372.4
2026-01-06,2398.800048828125,2428.10009765625,2367.800048828125,2424.699951171875,1584720,2381.165419921875,,2336.5969711764023,65.89524659633622,-5.2792433244731,19.42319225349201,-24.70243557796511,1293700.7
2026-01-07,2416.0,2421.89990234375,2382.0,2399.39990234375,892690,2379.3092431640625,,2342.5782027161495,59.88849670119257,0.01924649564716674,19.77734565888982,-19.758099163242655,1264760.8
2026-01-08,2389.0,2418.10009765625,2368.10009765625,2386.699951171875,1163828,2377.490771484375,,2346.780273997647,57.07592380898191,3.157164107436529,18.33221061654335,-15.175046509106819,1180087.7
2026-01-09,2382.0,2386.0,2361.0,2372.60009765625,1189464,2375.5689013671877,,2349.2393048222757,54.04144201036657,4.45489284924497,15.703951486681433,-11.249058637436463,1184159.3
2026-01-12,2362.0,2413.89990234375,2361.0,2406.199951171875,1057665,2374.686142578125,,2354.6641282841424,59.559156889560136,8.101194077273249,15.480202171767768,-7.3790080944945196,1076886.85
2026-01-13,2415.10009765625,2422.199951171875,2365.0,2389.5,1519683,2373.5507470703124,,2357.9818303523193,55.96286213271739,9.533471651593118,13.529983796870109,-3.9965121452769923,1089165.25
2026-01-14,2398.89990234375,2398.89990234375,2341.0,2353.5,1027639,2371.8044921875,,2357.5549893663842,49.08258198457806,7.675188022907605,9.337360134547678,-1.662172111640073,1077745.1
2026-01-15,2353.5,2353.5,2353.5,2353.5,0,2370.3420068359374,,2357.168799902919,49.08258198457807,6.131801270827054,6.235178705973702,-0.10337743514664743,1037340.1
2026-01-16,2370.0,2372.89990234375,2348.89990234375,2360.39990234375,1367606,2369.2100048828124,,2357.476523944903,50.437063382422046,5.403136609059402,4.405211235364839,0.9979253736945626,1052855.65
2026-01-19,2353.0,2425.39990234375,2353.0,2413.89990234375,1505238,2369.2080029296876,,2362.850179030507,59.44536112278291,9.038477553725443,6.432441744024704,2.606035809700739,1066256.85
2026-01-20,2423.0,2439.0,2368.5,2379.10009765625,1460806,2368.61400390625,,2364.397790328197,52.73162093407245,9.007623759760008,5.121270360047415,3.886353399712593,1099758.5
2026-01-21,2379.10009765625,2400.5,2360.0,2368.0,1020245,2367.42400390625,,2364.740857915988,50.76227367150085,7.995321700630484,3.287174640734312,4.708147059896172,1094330.7
2026-01-22,2368.89990234375,2402.0,2365.699951171875,2390.60009765625,1745964,2366.746005859375,,2367.203642653156,54.48906550302511,8.913949567616328,3.3646420061761244,5.549307561440203,1155659.9
2026-01-23,2400.0,2434.300048828125,2376.800048828125,2409.5,1378097,2366.78400390625,,2371.231867162379,57.39340825295589,11.039773302019967,4.392372592463811,6.647400709556155,1197883.45
2026-01-27,2412.0,2421.60009765625,2380.5,2400.89990234375,2060117,2366.2480029296876,,2374.0573943225095,55.65300751401516,11.893447659221238,4.1968375597320655,7.696610099489172,1246554.55
2026-01-28,2403.10009765625,2420.199951171875,2340.60009765625,2378.39990234375,1797593,2365.3160009765625,,2374.4709665150085,51.272396608296084,10.631871185129057,2.3482088685119074,8.28366231661715,1258598.35
2026-01-29,2370.5,2374.699951171875,2312.0,2352.60009765625,1478536,2364.2880029296875,,2372.3880266236984,46.73023492765063,7.464191565853071,-0.6555766006112638,8.119768166464334,1266314.15
2026-01-30,2341.0,2385.0,2340.0,2373.0,2090462,2362.9160009765624,,2372.446309802394,50.466793283282975,6.524671919301909,-1.276076997729941,7.80074891703185,1332893.95
2026-02-02,2356.10009765625,2360.0,2303.0,2357.300048828125,1375089,2361.49400390625,,2371.0038087572257,47.69404743478523,4.461808035281592,-2.671152705400206,7.132960740681798,1352977.75
2026-02-03,2390.0,2399.89990234375,2343.300048828125,2368.60009765625,1553270,2360.1920068359377,,2370.7748838904663,49.83058292038797,3.696185718873039,-2.749420017447008,6.445605736320047,1363435.6
2026-02-04,2360.60009765625,2393.5,2356.800048828125,2371.0,1232755,2359.1280078125,,2370.796323519946,50.29494578297129,3.2456626013154164,-2.559954508003705,5.805617109319122,1345837.35
2026-02-05,2362.5,2423.0,2351.60009765625,2354.39990234375,1962066,2357.93400390625,,2369.2347595984033,47.050892022514425,1.5314767263616886,-3.4193123063659465,4.950789032727635,1399306.15
2026-02-06,2354.39990234375,2429.0,2337.5,2424.199951171875,1421995,2357.91400390625,,2374.469539748258,59.02007752204343,5.739095941945834,0.6306455273745586,5.1084504145712755,1412214.5
2026-02-09,2425.0,2439.0,2402.0,2435.0,958484,2357.5800048828123,,2380.234345486519,60.50763504091225,9.8318032573452,3.778682274219139,6.053120983126061,1400665.5
2026-02-10,2435.0,2458.10009765625,2430.10009765625,2453.60009765625,792532,2357.3200048828126,,2387.2215599788747,62.99874704414013,14.410065459854195,6.685555581382507,7.724509878471688,1387408.85
2026-02-11,2460.0,2470.60009765625,2447.0,2462.89990234375,1137856,2357.2880029296875,,2394.429021156482,64.21418910675587,18.574670517120467,8.680128510919022,9.894542006201444,1368317.5
2026-02-12,2475.0,2479.60009765625,2350.10009765625,2409.699951171875,4656164,2355.9260009765626,,2395.8833954436623,53.40647527418432,17.381989821585194,5.989958252306998,11.392031569278195,1549743.75
2026-02-13,2400.0,2400.0,2300.300048828125,2305.199951171875,2791519,2353.07,,2387.2468769415873,39.38429252733668,7.91328568894005,-2.7829967042705164,10.696282393210566,1689319.7
2026-02-16,2308.10009765625,2327.0,2288.10009765625,2319.0,2036833,2350.2060009765623,,2380.7471743757214,41.56619284469828,1.5054640021999148,-7.352654712808523,8.858118715008438,1722781.05
2026-02-17,2309.300048828125,2326.0,2303.39990234375,2312.300048828125,1233244,2349.68,,2374.228400514046,40.798357491785744,-4.066534438468807,-10.339722522781797,6.27318808431299,1709181.35
2026-02-18,2312.60009765625,2328.89990234375,2306.0,2323.5,830787,2349.87,,2369.397124274613,42.70374480421065,-7.492274611168796,-11.01237015638543,3.520095545216633,1677680.4
2026-02-19,2336.0,2337.39990234375,2275.60009765625,2279.300048828125,940180,2349.3260009765627,,2360.8164504225665,37.565351808018875,-13.616799060912854,-13.70951568490359,0.09271662399073577,1673677.15
2026-02-20,2285.0,2331.199951171875,2278.300048828125,2314.5,1716316,2349.582001953125,,2356.4053599061317,43.40570321279586,-15.452065142461379,-12.435825413161691,-3.0162397292996874,1672194.75
2026-02-23,2325.0,2350.0,2320.800048828125,2345.39990234375,1300035,2350.377998046875,,2355.357221090667,48.003863577493014,-14.248910288418301,-8.986136447294891,-5.26277384112341,1668291.65
2026-02-24,2331.10009765625,2372.0,2330.300048828125,2358.60009765625,1544803,2352.337998046875,,2355.666066477865,49.877361865890435,-12.090879819000747,-5.462484782301869,-6.628395036698878,1642525.95
2026-02-25,2368.89990234375,2380.0,2349.0,2374.89990234375,1158620,2353.96599609375,,2357.497860369854,52.16916301795746,-8.96205808220384,-1.866930436403968,-7.095127645799871,1610577.3
2026-02-26,2378.0,2387.300048828125,2355.199951171875,2383.300048828125,1470677,2356.0099951171874,,2359.9552116515943,53.352904220476944,-5.738473149125184,1.08532359733975,-6.823796746464934,1610184.35
2026-02-27,2369.300048828125,2378.89990234375,2330.60009765625,2338.10009765625,3053227,2357.2599951171874,,2357.8737722234664,46.661149596370805,-6.75317082325455,0.05650073856830762,-6.809671561822857,1658322.6
2026-03-02,2303.0,2354.0,2290.199951171875,2320.60009765625,2273224,2358.3619970703126,,2354.32389845516,44.34223736324247,-8.867214062834591,-1.6460340008093866,-7.221180062025205,1703229.35
2026-03-04,2292.89990234375,2311.60009765625,2252.10009765625,2261.300048828125,2648737,2357.987998046875,,2345.464484204966,37.53505189427032,-15.15295309936073,-6.345418429868419,-8.807534669492311,1758002.7
2026-03-05,2275.5,2277.800048828125,2228.39990234375,2255.0,1751288,2357.297998046875,,2336.8488190425883,36.887165568170175,-20.407562187208896,-9.280022014173266,-11.12754017303563,1783929.35
2026-03-06,2245.10009765625,2250.0,2219.5,2225.699951171875,1674258,2355.7599951171874,,2326.2632125787104,33.95197721017044,-26.629182180362932,-12.40131360586184,-14.227868574501091,1769538.95
2026-03-09,2199.0,2200.0,2170.39990234375,2194.60009765625,1512817,2354.007998046875,,2313.7238683003807,31.12128353735181,-33.68110431094192,-15.56258858915266,-18.118515721789258,1774080.05
2026-03-10,2224.0,2224.0,2175.0,2190.199951171875,1084986,2352.1039990234376,,2301.9596857167135,30.730895506391022,-39.17329311500998,-16.84382191457658,-22.329471200433403,1780405.15
2026-03-11,2190.199951171875,2195.0,2156.0,2161.39990234375,1313256,2349.46599609375,,2288.573039681193,28.234412987787692,-45.32731053907355,-18.398271470912118,-26.929039068161433,1806441.35
2026-03-12,2165.10009765625,2165.10009765625,2109.300048828125,2136.89990234375,1791973,2346.3999951171877,,2274.127978982389,26.27865970405963,-51.586699568877066,-19.726128400572506,-31.86057116830456,1839147.2
2026-03-13,2136.0,2191.89990234375,2120.300048828125,2160.0,2298875,2343.2819970703126,,2263.2586476507327,31.12307607603355,-54.060153843935495,-17.75966614050475,-36.30048770343075,1721282.75
2026-03-16,2169.60009765625,2186.699951171875,2154.0,2175.699951171875,1981511,2340.33599609375,,2254.919724176556,34.283822838646486,-54.129557483402095,-14.263255823977076,-39.86630165942502,1680782.35
2026-03-17,2172.800048828125,2184.800048828125,2145.5,2158.199951171875,1705956,2336.5399951171876,,2245.7083172237294,32.49386906538912,-54.963083896279386,-12.077425789483492,-42.885658106795894,1664238.5
2026-03-18,2165.0,2175.0,2129.699951171875,2135.300048828125,2441148,2331.563994140625,,2235.1932440431956,30.2669640238328,-56.81654456175238,-11.144709163965189,-45.67183539778719,1724633.7
2026-03-19,2112.0,2133.60009765625,2070.10009765625,2077.300048828125,2098905,2324.61599609375,,2220.1557968798556,25.500206910566547,-62.247984746248676,-13.260919478769182,-48.987065267479494,1788039.6
2026-03-20,2099.699951171875,2099.800048828125,2069.0,2082.699951171875,2429744,2318.2819970703126,,2207.0647639552863,26.6583111847288,-65.36324641612464,-13.100944918916113,-52.262301497208526,1862517.8
2026-03-23,2062.300048828125,2097.0,2033.300048828125,2052.199951171875,2599535,2311.5919970703126,,2192.31573416639,24.355354982071724,-69.49214662567238,-13.783876102771075,-55.7082705229013,1906678.75
2026-03-24,2070.0,2115.0,2066.0,2085.0,1702418,2305.8399951171873,,2182.0951880553052,31.235198688356732,-69.31857854571626,-10.888246418251967,-58.4303321274643,1926797.9
2026-03-25,2098.0,2154.699951171875,2086.0,2134.800048828125,2069217,2300.4119970703123,,2177.590889081288,40.13737339803142,-64.4199833794537,-4.791721001591512,-59.628262377862185,1953018.6
2026-03-27,2123.300048828125,2127.0,2069.5,2074.39990234375,2789151,2294.1099951171873,,2167.7631760586655,34.33209406865311,-64.66616713250914,-4.030323803717565,-60.63584332879158,2034545.15
2026-03-30,2064.0,2082.39990234375,2046.199951171875,2055.199951171875,2482193,2288.143994140625,,2157.04286892659,32.71239856252998,-65.65372980023722,-4.014309177156505,-61.63942062308071,2085120.95
2026-04-01,2119.89990234375,2119.89990234375,2052.0,2064.699951171875,2028470,2282.3679931640627,,2148.248305330903,34.36243564656704,-64.92143582423842,-2.62561216092616,-62.295823663312255,2033883.1
2026-04-02,2055.0,2069.89990234375,2022.5,2065.300048828125,1431905,2276.46599609375,,2140.3484713782573,34.471748252449316,-63.559984767054175,-1.0113288829935385,-62.548655884060636,1991817.15
2026-04-06,2065.300048828125,2092.800048828125,2041.9000244140625,2084.800048828125,1661298,2269.8839990234374,2399.9734851074218,2135.058145421102,38.08038684178828,-60.21343496707141,1.8681767335913833,-62.08161170066279,1942445.2
2026-04-07,2064.699951171875,2119.5,2050.800048828125,2110.60009765625,2709707,2264.5139990234375,2399.10041015625,2132.728807538735,42.58551241398095,-54.847177696271046,5.787547203513398,-60.634724899784445,1990366.15
2026-04-08,2130.0,2192.800048828125,2130.0,2145.60009765625,3794437,2260.0660009765625,2398.3964428710938,2133.9546446927843,48.10198671048932,-47.22578322260961,10.727153341739871,-57.95293656434948,2096375.1
2026-04-09,2145.5,2162.89990234375,2115.0,2133.199951171875,2506245,2254.917998046875,2397.7841381835938,2133.8827691193646,46.40096229327574,-41.705605126926,12.997865149938782,-54.703470276864785,2146046.5
2026-04-10,2133.199951171875,2170.0,2121.39990234375,2155.300048828125,2144484,2249.8339990234376,2397.2975537109373,2135.9225100440085,49.807685264371386,-35.14243096397513,15.648831450311732,-50.79126241428686,2199021.4
2026-04-13,2131.0,2140.699951171875,2113.5,2127.199951171875,1994541,2244.36,2396.6115563964845,2135.0917901514244,45.819895616788905,-31.841462632658477,15.159839825302711,-47.00130245796119,2233085.65
2026-04-15,2140.89990234375,2168.0,2140.89990234375,2157.60009765625,1552971,2239.94400390625,2396.112781982422,2137.2354384852174,50.44260783373146,-26.467285301589527,16.42721372509733,-42.89449902668686,2221135.55
2026-04-16,2158.0,2163.699951171875,2129.10009765625,2139.10009765625,1845734,2235.67400390625,2395.5810388183595,2137.413025072935,47.771411387496364,-23.430909497456923,15.570871623383951,-39.001781120840874,2198478.5
2026-04-17,2142.0,2245.0,2133.0,2240.800048828125,4882697,2233.0300048828126,2395.4804052734376,2147.259408287715,60.23718245699051,-12.67214705603601,21.063707251843894,-33.735854307879904,2343537.8
2026-04-20,2240.800048828125,2253.39990234375,2223.199951171875,2231.5,1460822,2230.51400390625,2395.322852783203,2155.282321784123,58.85382405777623,-4.8403895277529045,23.1163718241016,-27.956761351854503,2331281.1
2026-04-21,2238.699951171875,2335.699951171875,2227.199951171875,2310.699951171875,3217281,2229.3560009765624,2395.4318188476564,2170.0840007734323,66.01224058709694,7.668708794758004,28.50037611729001,-20.831667322532006,2370087.75
2026-04-22,2310.39990234375,2408.0,2310.39990234375,2368.800048828125,5558325,2229.312001953125,2395.8923046875,2189.009338683403,70.1191661463015,22.016657335745094,34.27865972662168,-12.262002390876585,2543058.75
2026-04-23,2336.0,2400.0,2336.0,2366.39990234375,2063531,2229.552001953125,2396.3363256835937,2205.9036780796264,69.74423786788965,32.81556080544897,36.062050557060445,-3.246489751611474,2524748.1
2026-04-24,2388.60009765625,2388.60009765625,2299.0,2327.300048828125,1676706,2227.61400390625,2396.5272985839842,2217.465237198531,63.76285912442696,37.78319702342378,32.82374942002821,4.959447603395577,2478606.65
2026-04-27,2334.89990234375,2362.800048828125,2325.0,2328.300048828125,1099681,2225.4800048828124,2396.692017822266,2228.020933544207,63.84825399805532,41.32441403723942,29.091973147075073,12.232440890164346,2448469.8
2026-04-28,2321.0,2334.39990234375,2281.10009765625,2289.5,1629120,2222.1980029296874,2396.534246826172,2233.876082730473,58.12482271907653,40.53277772801721,22.64026947028229,17.892508257734917,2426464.95
2026-04-29,2305.0,2349.699951171875,2291.0,2314.39990234375,1778765,2219.2280029296876,2396.1482482910155,2241.5450179317377,60.56774216763633,41.43695484960335,18.83555727349475,22.601397576108603,2375945.65
2026-04-30,2312.0,2368.800048828125,2211.60009765625,2250.89990234375,4434979,2216.052001953125,2395.532559814453,2242.4359593043105,52.2037278073885,36.60761265313022,11.20497206161729,25.402640591512927,2473584.95
2026-05-01,2250.89990234375,2250.89990234375,2250.89990234375,2250.89990234375,0,2214.9660009765626,2394.764569091797,2243.2420491175903,52.2037278073885,32.40675922109949,5.603294903669251,26.80346431743024,2372161.45
2026-05-04,2268.800048828125,2365.800048828125,2268.800048828125,2309.300048828125,2554255,2214.772001953125,2394.3629931640626,2249.53328718526,58.33997060449768,33.4048856338336,5.281137053122688,28.123748580710913,2428278.95
2026-05-05,2301.5,2335.39990234375,2288.10009765625,2327.39990234375,1741424,2215.0739990234374,2393.500252685547,2256.9491552955924,60.051766181039234,35.25007400820368,5.701060341994214,29.54901366620947,2432285.25
2026-05-06,2330.0,2339.39990234375,2288.300048828125,2317.10009765625,1196175,2214.9460009765626,2392.6008959960936,2262.677816472798,58.57675189513209,35.47238732919823,4.738698930391006,30.73368839880722,2356608.65
2026-05-07,2310.0,2327.89990234375,2268.10009765625,2272.199951171875,1859012,2214.8039990234374,2391.425941162109,2263.5846864441387,52.5205148141404,31.660542635164347,0.7414833890857011,30.919059246078646,2259837.4
2026-05-08,2272.199951171875,2297.300048828125,2256.0,2287.699951171875,1104526,2214.267998046875,2390.3746228027344,2265.8813783229707,54.27792109511519,29.549717958811016,-1.095473029814105,30.64519098862512,2189751.45
2026-05-11,2277.10009765625,2317.10009765625,2259.199951171875,2307.199951171875,1903862,2213.5039990234377,2389.459500732422,2269.816480499057,56.46130056030698,29.114744574673296,-1.2243571311614616,30.339101705834757,2177720.35
2026-05-12,2285.300048828125,2307.0,2256.0,2262.0,983506,2211.5719970703126,2388.418591308594,2269.072053784861,50.44772371272283,24.83646739020287,-4.402107452505511,29.23857484270838,2127168.6
2026-05-13,2265.0,2295.800048828125,2250.0,2267.300048828125,1308559,2209.42,2387.52671875,2268.903291408029,51.10533618327016,21.624300073671293,-6.091419815229674,27.715719888900967,2114948.0
2026-05-14,2268.0,2285.89990234375,2245.0,2248.699951171875,1380764,2206.727998046875,2386.4684228515625,2266.9791637664907,48.6644994606406,17.377445524623454,-8.27061949142201,25.648065016045464,2091699.5
2026-05-15,2248.699951171875,2298.89990234375,2246.199951171875,2272.199951171875,1038522,2205.4099951171875,2385.6729846191406,2267.4763816146224,51.79695065520541,15.726748136911738,-7.937053503306984,23.663801640218722,1899490.75
2026-05-18,2263.10009765625,2265.0,2224.699951171875,2254.199951171875,1118204,2204.0819921875,2384.8500549316404,2266.211959667694,49.31477291790308,12.81834707090502,-8.676363655450963,21.494710726355983,1882359.85
2026-05-19,2242.0,2282.0,2229.5,2232.89990234375,1145022,2203.5139892578127,2384.0317517089843,2263.0393827796993,46.47649555148166,8.694458043489249,-10.240202146293388,18.934660189782637,1778746.9
2026-05-20,2224.89990234375,2226.89990234375,2201.0,2209.300048828125,1071994,2202.599990234375,2382.965469970703,2257.9213509747874,43.489879516299084,3.48179931656432,-12.362288698574654,15.844088015138974,1554430.35
2026-05-21,2224.0,2229.0,2176.0,2179.0,1581812,2201.6659912109376,2381.6881555175783,2250.4050318343316,39.94105702148676,-3.05896910041065,-15.1224456924397,12.06347659202905,1530344.4
2026-05-22,2180.0,2224.5,2175.39990234375,2203.60009765625,1382889,2201.8459912109374,2380.6142114257814,2245.9474190554665,43.940706043276585,-6.186241761070505,-14.599774682479644,8.41353292140914,1515653.55
2026-05-25,2215.0,2238.10009765625,2192.89990234375,2196.5,780722,2201.9719921875,2379.0890344238283,2241.238141050184,43.049607831582186,-9.132275234039298,-14.03664652435875,4.904371290319451,1499705.6
2026-05-26,2199.60009765625,2220.0,2190.0,2209.39990234375,2302703,2202.9319921875,2377.4671240234375,2238.2059278400475,45.223122604098116,-10.307297565963381,-12.169335085026265,1.8620375190628846,1533384.75
2026-05-27,2205.10009765625,2214.60009765625,2187.0,2198.39990234375,616538,2204.1619921875,2375.83982421875,2234.414877792781,43.69183383770781,-11.987929905038527,-11.079973939281128,-0.9079559657573979,1475273.4
2026-05-28,2198.39990234375,2198.39990234375,2198.39990234375,2198.39990234375,0,2204.929990234375,2374.2571728515627,2230.9848801309686,43.69183383770781,-13.168050057817254,-9.808075273647884,-3.3599747841693697,1253524.45
2026-05-29,2133.5,2207.800048828125,2118.10009765625,2153.5,17701621,2204.4859912109373,2372.445556640625,2223.605367737543,37.65581388453146,-17.52434096211391,-11.331492942355633,-6.192848019758278,2138605.5
2026-06-01,2158.5,2167.5,2080.300048828125,2084.300048828125,1470488,2203.0079931640626,2370.377735595703,2210.3381945080746,30.6320285951033,-26.257905827200375,-16.052046245953676,-10.205859581246699,2084417.15
2026-06-02,2079.0,2097.0,2065.699951171875,2093.699951171875,2148903,2202.1759912109374,2368.4506762695314,2199.2297903808176,32.474535011265026,-32.05135724875345,-17.4763981340054,-14.574959114748049,2104791.1
2026-06-03,2092.0,2099.60009765625,2072.199951171875,2090.60009765625,1544973,2202.4419921875,2366.4098913574217,2188.88410535943,32.1710634872362,-36.47241026974916,-17.51796092400089,-18.954449345748273,2122231.0
2026-06-04,2089.0,2110.89990234375,2073.5,2079.39990234375,2142735,2202.3759912109376,2364.484754638672,2178.457038405556,31.042312410557365,-40.41402112001924,-17.167657419416773,-23.24636370060247,2136417.15
2026-06-05,2086.699951171875,2127.5,2077.199951171875,2121.5,1822999,2203.7619921875,2362.7140588378907,2173.032558557408,39.61823330118288,-39.68320677520251,-13.149474459680029,-26.533732315522478,2172340.8
2026-06-08,2105.300048828125,2125.0,2091.5,2110.10009765625,1601497,2204.263994140625,2360.9582983398436,2167.038990852536,38.23171819953229,-39.567795076340644,-10.427250208654534,-29.14054486768611,2157222.55
2026-06-09,2119.699951171875,2138.60009765625,2110.10009765625,2132.800048828125,1460636,2204.223994140625,2358.8819494628906,2163.7781392311635,42.54368809253943,-37.21563544584251,-6.460072462525115,-30.755562983317393,2181079.05
2026-06-10,2134.89990234375,2204.89990234375,2133.5,2169.5,2325534,2206.12599609375,2356.8070324707032,2164.3230783520053,48.77036980726527,-32.021034098313066,-1.0123768919965386,-31.008657206316528,2231927.8
2026-06-11,2164.0,2165.0,2135.300048828125,2139.800048828125,1178896,2207.817998046875,2354.2611499023437,2161.987551730683,44.561604814686696,-29.955504542326253,0.8425221311922186,-30.79802667351847,2221834.4
2026-06-12,2151.199951171875,2179.39990234375,2145.0,2168.800048828125,1156153,2209.9,2351.96841796875,2162.6363609780587,49.17385390794788,-25.68244857062882,4.092462482311724,-29.774911052940546,2227715.95
2026-06-15,2200.0,2211.0,2150.0,2156.10009765625,1439449,2211.7160009765626,2349.7019812011717,2162.013859709315,47.3172867058377,-23.055036736763668,5.375899452941503,-28.43093618970517,2243778.2
2026-06-16,2161.0,2209.0,2160.10009765625,2199.89990234375,1337157,2214.017998046875,2347.6461083984377,2165.6220542459278,53.79628845590552,-17.239786216792254,8.952919978330335,-26.19270619512259,2253384.95
